title,source,date,url,sentiment,confidence
"Alphabet, AMD Removed From Value Stock Status as Russell Reconstitutes Indexes",Yahoo,2026-05-23 06:17:00,https://finnhub.io/api/news?id=162293c11b236a00311f0cf02a4cd7caf84dc352d7069a8edc6728afca81c93c,neutral,0.5
Microsoft vs. Apple Stock: The Numbers Reveal a Clear Winner Heading Into H2 2026,Yahoo,2026-05-23 04:30:02,https://finnhub.io/api/news?id=74ccddca1b7489db4b5539e50b0647953cfeffc1282a5f9c75537c45b6430f4e,neutral,0.5
RDDT Stock Drops To Near One-Month Lows After Meta Launches Rival App,Yahoo,2026-05-23 03:30:00,https://finnhub.io/api/news?id=00285dd3fa87e66b5769f6d482c085f23aa36631b9b66e7069c666d416732d45,negative,0.5
Is Snap (SNAP) Quietly Recasting Its Brand Strategy With Luke Wood’s Board Appointment?,Yahoo,2026-05-23 01:46:11,https://finnhub.io/api/news?id=26963eb018aa3c986fbb42a02db2ca4276cebec996293951f6f89c5bd5b42423,positive,0.5
EUV ETF: The Chip-Making Technology Fueling AI,Yahoo,2026-05-23 01:33:54,https://finnhub.io/api/news?id=72e1464b125385526dfae7e25e0a83ce96ed94c68ebf5e8b758927f8bd162dee,neutral,0.5
"IMAX Potential Suitors Include Netflix, Apple, Wedbush Says",Yahoo,2026-05-23 01:32:04,https://finnhub.io/api/news?id=9483b768517254664e8dfefd7199b6f963e00636dd3fe7d9013f444d1a78fcc0,neutral,0.5
OMAH Delivers 15% Returns While Berkshire Stock Drops 5%: The Buffett ETF Retirees Overlook,Yahoo,2026-05-23 01:02:45,https://finnhub.io/api/news?id=7579b0e0cec44f64e28da5c017f6a83a78e1e0bd992dc8703702b5f683f28c41,negative,0.5
"QYLD’s 12% Yield Looks Generous, But Its 10 Year Total Return Tells a Harder Story",Yahoo,2026-05-23 00:48:21,https://finnhub.io/api/news?id=a86793a6aa9f03b2c80e63d1dcacfdb828fb0c5096aee852dfced9fe28467047,neutral,0.5
Dominic Chu: The Trump Bull Market’s AI Rally Is Powering the S&P 500 Toward an 8th Straight Winning Week,Yahoo,2026-05-23 00:15:23,https://finnhub.io/api/news?id=fa89f68aa583fc9dab5953f45169ddb26a386688f824e1ee957154ba5789c79a,positive,0.6666666666666666
SEC Delays Crypto Stock Tokens Amid Wall Street Pushback,Yahoo,2026-05-23 00:14:44,https://finnhub.io/api/news?id=eeb323a5b6d2bfc8a7997177566fe2a8fbe2f27ea3969b23af84568aa89aa664,neutral,0.5
CDL’s $2.29 annual dividend beats Treasury yields despite rising interest rates,Yahoo,2026-05-23 00:00:54,https://finnhub.io/api/news?id=d860b7fa2ca0c1c604a4f7ff105c16de0de5f7780fc99cc8b7a6cf6deac18afe,positive,0.6666666666666666
"SCHG’s Top Ten Holdings Now Drive 59 Percent of the Fund, Creating Hidden Single Stock Risk",Yahoo,2026-05-23 00:00:53,https://finnhub.io/api/news?id=c07231400d66a49eb8e6ec53facc788010fd742025aac53d334ab2109f595ff6,neutral,0.5
Google appeals US court ruling on search monopoly,Yahoo,2026-05-22 23:48:55,https://finnhub.io/api/news?id=eed1f6111cd2108e153d11b1ac2eeead00f37372fc5a2e9a1b2ac5cc0f4a1619,neutral,0.5
"These Stocks Are Today’s Movers: Estee Lauder, Workday, Zoom Communications, Take-Two, Imax, and More",Yahoo,2026-05-22 16:11:00,https://finnhub.io/api/news?id=9890b80ad13354d1444507eca7734988baed1d2162d2414ad3089eb04e52dd23,neutral,0.5
These S&P500 stocks are the most active in today's session,ChartMill,2026-05-22 23:35:00,https://finnhub.io/api/news?id=486a37ae765a2e27a9b9b34c9d6ba4dbfc9d9ff197ee3f39d63508626634c988,neutral,0.5
One Problem for the SpaceX IPO,Yahoo,2026-05-22 21:50:00,https://finnhub.io/api/news?id=a3de0b1cf19da9e3d084882e38419197f96538ba3f82cb240535fe087a0b58ae,positive,0.5
Vanguard’s VIG Quietly Returned 247% While Investors Chased Higher Yields,Yahoo,2026-05-22 21:44:32,https://finnhub.io/api/news?id=ab65a0e79a5fa212076af582bff43b835f0bbe275de933105f6fb609ce2172d8,neutral,0.5
"Best Buy Poised for In-Line First-Quarter Comparable Sales, Wedbush Says",Yahoo,2026-05-22 21:01:23,https://finnhub.io/api/news?id=ccce9f453d72854ac3ff9b9833b76600bae81bbbc228679ee2d16cfa05e54e0d,neutral,0.5
Fortnite’s App Store Return Puts Apple’s Services Model Under Spotlight,Yahoo,2026-05-22 20:41:30,https://finnhub.io/api/news?id=24e765a5f9ab2610a4d8b2fe9e18a7756ba90eb68f50dce8a9c16c342331e91d,negative,0.6666666666666666
"Imax's Potential Acquirers Include Private Equity Firms, Netflix, Apple, Sony, Wedbush Says",Yahoo,2026-05-22 20:31:34,https://finnhub.io/api/news?id=254ea535a2d5c40fed2dccbca164d02e0b36b9ce2639016789a03c4fa17ed441,neutral,0.5
"Apple Stock at 52-Week High: Buy, Sell or Hold?",Yahoo,2026-05-22 20:00:46,https://finnhub.io/api/news?id=eb2f48a01048d2f3ba81fa2387a1740af17bbaf626601b9506d7787ef0dcd88f,negative,0.5
Smart ring maker Oura files to go public,Yahoo,2026-05-22 19:33:35,https://finnhub.io/api/news?id=666630788344fcd20947bb18296e0f917fb38cf9d3140c6f379883e01751d1f2,neutral,0.5
AI mania is fueling bubble-like concentration in the S&P 500,Yahoo,2026-05-22 19:27:54,https://finnhub.io/api/news?id=4f0335b417da0e77c772b41d9796f79ef68192f7fe3a11483f3157cfe8ee434c,neutral,0.5
"Iran Optimism Drives Semi Mania, Potential Short Squeeze Ahead",Benzinga,2026-05-22 19:22:50,https://finnhub.io/api/news?id=f3cb85d50258305e8177ddff52445942a4958158ab53d95497690a68708d3c80,positive,0.5
Apple Takes App Store Fight to Supreme Court in Epic Games Case,Yahoo,2026-05-22 18:59:51,https://finnhub.io/api/news?id=9549d166bd5a98c386487b77e156e491a477a5f5cf4ec2666e07da40b563ba17,neutral,0.5
How AI is influencing dividends,CNBC,2026-05-22 18:43:07,https://finnhub.io/api/news?id=766a46bf20556a2fa45226da6a3a833126fb713cb9a54c881b30b6f3485d5a27,neutral,0.5
"Could Apple, Amazon, Or Netflix Buy IMAX? This Analyst Sees Rising M&A Appeal For The Company",Yahoo,2026-05-22 18:39:41,https://finnhub.io/api/news?id=e101a42bb27459e44592e7a0cd17b78ecd22f32b93c3abdd86ea13ff4c6c7f40,positive,0.5
Where Will Apple Stock Be In 3 Years?,Yahoo,2026-05-22 18:17:11,https://finnhub.io/api/news?id=61bdc5d67964934dc2e91456f5c3b06c575bb68e59ceee61bda074686ece95f6,positive,0.5
Wall Street thinks IMAX is ripe for a sale. Here's who could buy it,CNBC,2026-05-22 17:56:26,https://finnhub.io/api/news?id=e1366f8f62c49efb079a8582c31c95da029ae1ab915d6b25fe25c819bc3a6d83,neutral,0.5
"Beyond the ""Magnificent Seven"": These 3 Breakout AI Stocks Are Disrupting the Industry",Yahoo,2026-05-22 17:50:00,https://finnhub.io/api/news?id=d7d644ccffd23c9f60c3fab171970e264c0d8795362a1748553eb15ba3863e00,neutral,0.5
Dow rises to record intraday high on Iran peace hopes,Yahoo,2026-05-22 17:31:00,https://finnhub.io/api/news?id=5f3c7e813a83fbf7d43d2ea9f0902f6726b8ba3023b0db35f950358e1846a2ba,positive,0.6666666666666666
The Best AI Stock to Buy Now for Less Than $500,Yahoo,2026-05-22 17:00:02,https://finnhub.io/api/news?id=b498288a1a963b286fd2f1d205cfa6150147968ed6423ed2bcdd394e70839e97,neutral,0.5
Apple Execs Say We Are In The Early Innings Of Spatial Computing – Here's How The Technology Is Already Changing The Consumer World,Benzinga,2026-05-22 16:46:12,https://finnhub.io/api/news?id=91b13e2c800a61fb811d156c8fb8cacd2d7632b4b97f78e36babb10fe7345d63,neutral,0.5
"Nvidia Is Cheap, Says A Wall Street Journal Columnist—But Prediction Markets Disagree With Him",Benzinga,2026-05-22 16:39:11,https://finnhub.io/api/news?id=c560c3779a70badf0192c5c8ab9065c24f9333ab894a52528e47d40ebc1babb0,neutral,0.5
"Analyzing an Apple Stock Butterfly Spread: Risk, Reward, and Setup",Yahoo,2026-05-22 16:30:02,https://finnhub.io/api/news?id=91f43d4910d9fca2a84a76d581c24d9c9dbaabfae86764416af0523dc8bedb51,neutral,0.5
SpaceX: Going Boldly Where No One Has Gone Before,SeekingAlpha,2026-05-22 16:14:11,https://finnhub.io/api/news?id=de56423ebca92e2196304804e9010674f7d7a38a70b96b8dacdd99842f1c62aa,negative,0.5
How To Own SpaceX Through Alphabet Shares: The Pre-IPO Strategy,SeekingAlpha,2026-05-22 14:29:20,https://finnhub.io/api/news?id=3278c12970772bd9b2fdfe4e39c4b9ffbefe17650fe70d2f5e6e25239f5fc7f0,neutral,0.5
Why Are Intel (INTC) Shares Soaring Today,Yahoo,2026-05-22 12:54:55,https://finnhub.io/api/news?id=71549a7e6c68e539d6896e92e85888caddd114384c0b2601be83a3acea9de056,positive,0.6666666666666666
Trump said he’d ‘remember’ companies that didn’t apply for tariff refunds. Many of them are anyway,CNBC,2026-05-22 12:53:13,https://finnhub.io/api/news?id=cd1ec8f796ba9599ec2503bf73025bc342b2ce549b327c97e7d70a84e23cfc4a,negative,0.5
Trump said he'd 'remember' companies that didn't apply for tariff refunds. Many of them are anyway,CNBC,2026-05-22 12:30:01,https://finnhub.io/api/news?id=835c2223ec1ee1d85e788a55093e03f26268f480eca164e23da1019d7636980f,neutral,0.5
Asia's AI Trade Is Expanding Beyond Taiwan Semiconductor: Analyst,Benzinga,2026-05-22 12:02:17,https://finnhub.io/api/news?id=9dcaa2727a256bcb1d8567a6e215994310ced0adf8d0336cecbaed204cc7f413,neutral,0.5
"Google's AI Glasses Threaten Meta's 80% Market Grip, Analyst Says",Benzinga,2026-05-22 11:26:29,https://finnhub.io/api/news?id=6188c5ad5fd851558b37ade0dd820351c91dcb1f80d2f8cb19a4af223c505ffb,negative,0.5
"Analysis-ECB, banks rift hampers Europe's efforts to loosen reliance on US payments giants",Yahoo,2026-05-22 10:39:39,https://finnhub.io/api/news?id=f939f04ce322d084fdba7b4cbdde428011300691a1a50d921bdefc9782a48574,negative,0.5
"Nvidia Is Going To Have To Do An Apple On Dividends, Says Jim Cramer: Sounds 'Boring' But It Works",Benzinga,2026-05-22 09:47:41,https://finnhub.io/api/news?id=40660d43caaa32a1914034c7677823ed279e47797f12e520a82efa217fa5bbdb,positive,0.5
"AGD: Good Fund, But Tech Exposure And Valuation Could Be Risks",SeekingAlpha,2026-05-22 09:37:04,https://finnhub.io/api/news?id=750cd53037bbccd3d0308ad74fef99c8df0c53597b2513a4ff4f8313e11ec9a6,negative,0.5
"AMD asking partners to ramp up production, CEO says",Yahoo,2026-05-22 07:43:29,https://finnhub.io/api/news?id=d79d321c16e5e4c68df0a003f3e6ba71e84dc772870cef7768e2b46a46d093b7,positive,0.5
Guzman Y Gomez Gives Up on Failing US Business; Shares Soar,Yahoo,2026-05-22 05:54:38,https://finnhub.io/api/news?id=de955812c72740c7543f76eb6e5b2ca208d7270926ce80fbf402ba3b33776fc6,positive,0.6
CNBC Daily Open: Wall Street set for a winning week,CNBC,2026-05-22 07:29:17,https://finnhub.io/api/news?id=3f50401c3080bbac90e22fe87a0c6bdd9440cc73e3e4c6f208e7bc5da0caaea0,negative,0.5
Lenovo's biggest challenge - exploding memory prices: Analyst,CNBC,2026-05-22 06:52:17,https://finnhub.io/api/news?id=b17c7fa322f62785e9b8afe0f218d324f72f73355ce5db0fd7453749e7272614,negative,0.5
"The $300,000 Mistake: Financial Advisor Explains Why Waiting to Buy VOO Is Costing You Compounding",Yahoo,2026-05-22 04:34:58,https://finnhub.io/api/news?id=bf8c8d08ef69ea2b66e37af9961583e1a50aa65da254f9b310fbdebeac0e9704,neutral,0.5
Bank of America resets Nvidia stock price target after earnings,Yahoo,2026-05-22 03:47:00,https://finnhub.io/api/news?id=9e828865a85145fa7f85946a6fafa04e94817d7754bf1940b3ca6dd18b549555,positive,0.5
"Trump Administration Is Pausing $14 Billion Taiwan Arms Sale To 'Make Sure' US Has Enough Munitions For Iran War, Says Acting Navy Secretary",Benzinga,2026-05-22 03:37:42,https://finnhub.io/api/news?id=ff216af5f0bbd164a53dd27efe628353915b604cb8c5dd62ea986c8ff4cb444f,negative,0.5
Apple asks US Supreme Court to review contempt order in Epic Games lawsuit,Yahoo,2026-05-22 03:20:59,https://finnhub.io/api/news?id=9605200ad38914e5f428e5615faeea7c24ede92b54b229bcaad47c5675f30344,negative,0.5
CNBC Daily Open: Dow at all-time high as Iran reviews peace deal,CNBC,2026-05-22 03:02:12,https://finnhub.io/api/news?id=acce385c3627556e6ba2b9e7a00b8f378f536d663b35aae917d5dc58b21a9f90,positive,0.5
Canadian regulator triples US streamers' financial contributions to Canadian content,Yahoo,2026-05-22 03:00:19,https://finnhub.io/api/news?id=48b4ac6d99b12b349cc46e1218e564757e013dad51378ee941fcd053457d0c53,neutral,0.5
Tracking Renaissance Technologies (RenTec) 13F Portfolio - Q1 2026 Update,SeekingAlpha,2026-05-22 01:51:27,https://finnhub.io/api/news?id=af68229009a31ad5a536afe9a7930d67982f2cfff864d00e3b20e2f832ca3211,neutral,0.5
"As Meta Misfires And Apple Shines, Amazon Stock Has Wall Street Smiling. Here's Why.",Yahoo,2026-05-22 01:31:38,https://finnhub.io/api/news?id=b17b44d2037f88101bb42208f957ad51ac2e51d7e7072e3f03d50e5a57a1b11c,positive,0.5
Apple Stock Is On The Rise After Recent Earnings Release. Is It A Buy Now?,Yahoo,2026-05-22 01:07:14,https://finnhub.io/api/news?id=070606f91d889fac7559baff9aeeda91d0bd97c245a11f66578a45b96d994657,positive,0.6666666666666666
Amkor working with AMD on advanced packaging after acquiring more land in Arizona,Yahoo,2026-05-22 00:37:18,https://finnhub.io/api/news?id=60dd71dd075cb64bbbbe893946f7c6d56a7b4b9d229f4b681107030d14feaa77,neutral,0.5
SpaceX unveils $1.29B bitcoin stash in high-valuation IPO filing,Yahoo,2026-05-21 22:15:50,https://finnhub.io/api/news?id=a66c47efb36b6cb2851b203a366fff4f171c8b0973baaf43636fb868bd600af7,neutral,0.5
Should You Buy Taiwan Semiconductor (TSM) in 2026?,Yahoo,2026-05-21 21:47:13,https://finnhub.io/api/news?id=6116f6081c419148f50781d3b989af11090f48155241e87fca7affc7af803b74,negative,0.5
ASML (ASML): AI Stock With The Widest Moat?,Yahoo,2026-05-21 21:46:33,https://finnhub.io/api/news?id=945ac61d275271161d74bafd9ad7f44a0f2aa59a36a21455a74be814135b3b26,negative,0.5
Three S&P 500 Value ETFs Beating Some Growth Rivals in 2026 and Most Investors Are Still Looking the Other Way,Yahoo,2026-05-21 21:45:21,https://finnhub.io/api/news?id=f0637ccf93010f1655347cbea4e3e514d5246756858fa4e440d1367538ed1100,positive,0.6666666666666666
SpaceX's S-1 and the most ambitious AI bet ever attempted,CNBC,2026-05-21 21:38:57,https://finnhub.io/api/news?id=72c2e44a8adcf325a56cf24471572c8c1f7ec1cec06122f4e492bb2712432194,negative,0.5
Can Qualcomm's Advanced AI PC Processors Drive Long-Term Growth?,Yahoo,2026-05-21 20:46:00,https://finnhub.io/api/news?id=c0a60feabbfd616390c9717a2897e8593a5491c90b16b613e598a223682add94,positive,0.5
Burger-loving Trump invests millions in Kura Sushi chain,Yahoo,2026-05-21 20:37:12,https://finnhub.io/api/news?id=f00c6cbf18e8dd89e0c5004f36f8364679bc1f8164cbd9cf6881fe772640bdda,neutral,0.5
Apple Cuts iPhone Prices Ahead of China Shopping Festival,Yahoo,2026-05-21 19:55:39,https://finnhub.io/api/news?id=0b1aa42100505e2e35b421fdfbd30c2f4e6f18160c3489a157930a1479bdf919,neutral,0.5
"Oura, smart ring maker, files confidentially for IPO",CNBC,2026-05-21 19:54:34,https://finnhub.io/api/news?id=592d01b7ced99709cdaeba7923a6acb0fee9e3c151de0f71f20ec17886f1341e,neutral,0.5
"Nvidia earnings: They're accelerating into growth, not slowing down",Yahoo,2026-05-21 19:37:08,https://finnhub.io/api/news?id=0a04edfbef18625dcefffccef5fea65880e34f144da5428e5086c94202c342ad,positive,0.6
10 Information Technology Stocks With Whale Alerts In Today's Session,Benzinga,2026-05-21 19:05:35,https://finnhub.io/api/news?id=7d235a944ff6d952479c37ddbe28bfd1804ae0106355bcc086ab91ad09f0fc6c,neutral,0.5
Trump Q1 financial disclosure: Kura Sushi USA stock bet,Yahoo,2026-05-21 18:56:46,https://finnhub.io/api/news?id=c9b67a7bdaac0ef13fb6f9ad492a22f215dcd0168ed86351a86bc60f5be219c6,positive,0.5
Apple Says It Blocked $2.2 Billion in App Store Fraud,Yahoo,2026-05-21 18:51:46,https://finnhub.io/api/news?id=b0f2de1784f474573443a75234bdd9340908f317e3a6ba0a3f96ee3c668b4f4d,neutral,0.5
"MGK Holds 46 Percent in Just Five Stocks, And That Concentration Is Driving Most of Its Recent Gains",Yahoo,2026-05-21 18:45:12,https://finnhub.io/api/news?id=909d54e535aed7f0a7e2cfc367a1f20abdcd3f37a67be08e774c616e56da8791,positive,0.6666666666666666
"Peak valuation leaves IT hardware vulnerable to downgrades, Morgan Stanley warns",Yahoo,2026-05-21 18:40:20,https://finnhub.io/api/news?id=f6638801b7c6fba4811927f806de4ba6aa5b4d3b51121ca1020e5bf79d6a6ca8,negative,0.5
How investors can trade AI after Nvidia's earnings report,CNBC,2026-05-21 18:33:03,https://finnhub.io/api/news?id=e1524a457f5ce4d2d8c6d7cb2a9b6ecc1fb0c780962e0edb976f907054987d1b,positive,0.5
Major takeaways from Magnificent Seven's AI-fueled earnings,Yahoo,2026-05-21 18:31:08,https://finnhub.io/api/news?id=4047b993022fad945daef076f28b80f7ee1eebe8af21c738518e5a435270309d,positive,0.6666666666666666
"IWF Tracks the Russell 1000 Growth Index, But Three Names Now Drive a Third of Its Performance",Yahoo,2026-05-21 18:25:13,https://finnhub.io/api/news?id=5a45c4fd0a1533acf1a04757f7d6619efcc76c74674074d53b7fa767c60bccab,neutral,0.5
"MAGS Bundles the Magnificent Seven Into One Ticker, And That Concentration Cuts Both Ways",Yahoo,2026-05-21 18:15:44,https://finnhub.io/api/news?id=a35cab2999801fa1d7d6bbba1132c86c9477a5466be58f7d3a1faba2167ae21d,neutral,0.5
Google Reveals Plan to Dominate AI: Copy Apple,Yahoo,2026-05-21 18:01:02,https://finnhub.io/api/news?id=7bcecefccc584cfb9dd1a0f3a130cb3c8b743c378830c60e95f4455ac7b4ed05,neutral,0.5
Nvidia's $80 billion stock buyback and bigger dividend may unleash an Apple-like stock move,Yahoo,2026-05-21 17:52:48,https://finnhub.io/api/news?id=c3f3ce9b35b87948b7b84de42d5c42b0c692293b921018bad7b3243e42d23995,neutral,0.5
Warren Buffett Just Dropped His Loudest Warning Yet: Berkshire’s Cash Position Hits All-Time High,Yahoo,2026-05-21 17:47:04,https://finnhub.io/api/news?id=999076ade06147c0989ba94ff78385690877c87a2fe9942a3e653da7d9dd4e8d,negative,0.5
AI Is Devouring All The Cash,SeekingAlpha,2026-05-21 17:33:32,https://finnhub.io/api/news?id=8d6c5d4c16c3c06cfbb6c2a28e93b420fd1ffa6603053b32ef2279af8e964552,negative,0.5
"As Meta Misfires And Nvidia Shines, Amazon Stock Has Wall Street Smiling. Here's Why.",Yahoo,2026-05-21 17:30:28,https://finnhub.io/api/news?id=9d85eff4101b2aefd182c6a05c96a027b4dafec42c061aab54b60d54e0fa5b8e,positive,0.5
VGT Looks Like a Diversified Tech Bet Until You Realize Three Stocks Are 43 Percent of It,Yahoo,2026-05-21 17:30:06,https://finnhub.io/api/news?id=c1c042a1e568a8d4abe7e9087b42538fd71d53981a02b5c808274b99645ae79e,neutral,0.5
Berkshire Hathaway Sold 16 Stocks in Q1 but Warren Buffett and Greg Abel Still Have 70% in Just 7 Stocks,Yahoo,2026-05-21 17:12:20,https://finnhub.io/api/news?id=31ce51e8d4f36dae1f0b4b2c3fbc0fa64d3bb0a59b6c2a1ad43b0874c4d274d7,neutral,0.5
"Brace for higher smartphone prices, warns BT",Yahoo,2026-05-21 15:51:18,https://finnhub.io/api/news?id=fd87ae0f3123bab806a43475d0a024c4154b2bc3006dd9ea55bb82058f9a2444,neutral,0.5
Berkshire's New Era Begins: Why I'm Still A Buyer,SeekingAlpha,2026-05-21 15:00:00,https://finnhub.io/api/news?id=4122917b35731014b20f6915eaf4ee005deb9b26f6614be1487c613074a7bab6,positive,0.5
Is Apple Inc. (AAPL) One of Louis Navellier’s Top Long-Term Stock Picks on Earning Growth Prospects?,Yahoo,2026-05-21 14:21:06,https://finnhub.io/api/news?id=469e04e14d77672454f8a18cf0ddff2a29dbd5bfe0c904f8337dc863046fdb97,positive,0.75
Apple Inc. (AAPL) Targets $15B Service Revenue via AI,Yahoo,2026-05-21 14:11:36,https://finnhub.io/api/news?id=cf32238c221789d9191a086c15e482f57002da3b546cbd1e9bcd215cfdc2bb8f,neutral,0.5
"'The Nvidia Way' Author Tae Kim Says Nvidia Is Increasingly Undervalued As Google TPU, Amazon Trainium Threats Remain A 'Rounding Error'",Benzinga,2026-05-21 11:58:28,https://finnhub.io/api/news?id=b1ba86c34fef2dd653ce13d19275a65228682131b5fd4870f8034a726f173ab2,positive,0.6666666666666666
Just 10 Stocks Now Make Up Over Of S&P 500—Surpassing Dot-Com Bubble Levels,Benzinga,2026-05-21 11:50:03,https://finnhub.io/api/news?id=5cfbca2852fd344473ec5c76e45a41fdefb76778012c385dfdff7e401ff41bee,neutral,0.5
Apple Bucks Worst Smartphone Slump Since COVID,Benzinga,2026-05-21 11:46:41,https://finnhub.io/api/news?id=c7de7505907e59182430ceaef53b5416c5278cbb419e94090d3ff0c531238824,negative,0.5
Circular AI Boom Goes Global as Asia Windfall Funds Hyperscalers,Yahoo,2026-05-21 10:54:14,https://finnhub.io/api/news?id=d56edeea38ced54c424adc8dabc37eaaa1d6d7940ff207a1dfed65cdd02d7a78,positive,0.5
"'Very impressed' with Nvidia's results, company is 'booked solid' for next two years: Paul Meeks",CNBC,2026-05-21 09:56:26,https://finnhub.io/api/news?id=f26ecdd262f70a0010a085a9779d25b2853c2d21f43d99099d06a7b27bc628f6,positive,0.5
AMD to invest $10 billion in Taiwan's AI industry to advance top-end chips,CNBC,2026-05-21 09:42:07,https://finnhub.io/api/news?id=5204f838b93e17af928dc9b4d8dd33976394fd74d6bbc297a3ce97df627be030,neutral,0.5
India's domestic politics a 'bottleneck' to China+1 ambitions: Analyst,CNBC,2026-05-21 09:33:15,https://finnhub.io/api/news?id=01c0fb878c4aa8ea8c2f07aeca0ab4218a0285be4a6b72d89587604e0c33ee4d,neutral,0.5
Why MP Materials (MP) Is Down 11.3% After Apple and Pentagon Rare Earth Magnet Deals,Yahoo,2026-05-21 08:50:00,https://finnhub.io/api/news?id=451e591f551a52b30b40ad8c47f54bafb96d72cee1ac64b70e2ffd44920521f7,negative,0.75
CNBC Daily Open: Nvidia aims to have its 'five layer cake' of AI and eat it too ,CNBC,2026-05-21 08:37:02,https://finnhub.io/api/news?id=2c7341dceb1f55a127400577b393e59bd4d35b6a2eccba4ba7cc03dc40f83bb2,neutral,0.5
Three key takeaways from Putin's Beijing trip — and what they reveal about China-Russia ties,CNBC,2026-05-21 07:04:36,https://finnhub.io/api/news?id=7a819a84c023a7ee3fe7a7f3166689dca499d9d7c62c2b4c92469ec546dc686d,neutral,0.5
"As AI market grows larger and faster, Nvidia stands out despite competition: Analyst",CNBC,2026-05-21 04:45:26,https://finnhub.io/api/news?id=567d127bf44205d22ad0daeddfacbdb4f6fbd3c847904c76bda2612fbfde1313,positive,0.5
Apple’s AI Overhaul and CEO Transition Could Be A Game Changer For Apple (AAPL),Yahoo,2026-05-21 04:45:10,https://finnhub.io/api/news?id=fd9df8acbe7d6721ec4eec92ce343d95cd3e0b820bb6b5d56b3148446fa5d640,positive,0.6666666666666666
Luke Wood Joins Snap Inc. Board of Directors,Yahoo,2026-05-21 02:30:00,https://finnhub.io/api/news?id=72c9167c495ca42f3676b5eea46ee6ac7e3c44d4a43670201f904e30e9d22c5a,positive,0.5
Fiduciary Family Office Dumps Its Entire $10.2 Million Stake in JIVE,Yahoo,2026-05-21 01:58:18,https://finnhub.io/api/news?id=7468d63500f1ad8f85b11a2965dcf7dcf6917c6649f56fe3cdb3d7c5914dad80,neutral,0.5
Vanguard Total Stock Market Index Fund ETF Shares (VTI): Graham Stephan Remains Bullish,Yahoo,2026-05-21 01:20:26,https://finnhub.io/api/news?id=cd98bdb16caf8898ab7316eb086f6f67b8f5d809d2c398c19f12e210a4162fca,positive,0.5
Vanguard 500 Index Fund (VFIAX): Top Stock Pick by Graham Stephan,Yahoo,2026-05-21 01:19:24,https://finnhub.io/api/news?id=5bc4b1134088d667ff5d177e75a8f841191b6dd01757e834eea390e3a3584972,neutral,0.5
Apple Inc. (AAPL): A Top Stock Pick by Graham Stephan?,Yahoo,2026-05-21 01:13:10,https://finnhub.io/api/news?id=17d67b4b59a69d9a34defd8819fb5f8819be39dffc110d09c88806705fe52a48,neutral,0.5
"80% of companies have an immigrant in a top leadership role—Trump’s visa crackdown is forcing them to make a ‘plan C,’ warns immigration expert",Yahoo,2026-05-21 00:56:53,https://finnhub.io/api/news?id=d31545985f6ae6356ca50ed841d7fd92b06f6b464a699a2d80f55ccb125ddbcc,negative,0.5
KeyBanc Turns Cautious on Apple Stock as Valuation Concerns Grow. It’s Due for Profit-Taking.,Yahoo,2026-05-21 00:29:01,https://finnhub.io/api/news?id=2952938d2d13bb2dbfe8abab94280888819cfdf06df73497d5f5c92f61cb1de7,negative,0.5
After Watching Mega Caps Drive Every Bull Market This Decade These 3 Growth ETFs Keep Rising to the Top of My Research,Yahoo,2026-05-21 00:23:52,https://finnhub.io/api/news?id=12ba0ab1b4bad5a9d8767d266234494320139bbe0b1ed6fed474279c15009247,positive,0.75
"JEPQ’s 9.5% Yield Is Impressive, But the ELN Counterparty Risk Is the Hidden Cost",Yahoo,2026-05-21 00:23:28,https://finnhub.io/api/news?id=6febf9d0612c1f8b181833c865e6384b14512261c189d699ecf5d4599ff40fac,negative,0.5
Nvidia Stock Is Up In Afternoon Trading,Yahoo,2026-05-20 23:46:40,https://finnhub.io/api/news?id=0d5b0f1f25930ab1835fa5048b4b31d0b0399799979c69a027e02138001f7060,positive,0.6666666666666666
He Lived Out of His Car and Started a Business With Just $700. Now He’s a Billionaire. Here’s His Best Advice About the Power of Grit.,Yahoo,2026-05-20 23:25:00,https://finnhub.io/api/news?id=149cc8ac785587b8cdfe2de40348dd58b77f252ed3f9cc131ffc756b2361f7e3,neutral,0.5
"Alphabet Trades Close to 52-Week High: Buy, Sell, or Hold the Stock?",Yahoo,2026-05-20 22:28:00,https://finnhub.io/api/news?id=2a5efc71f8910c76e0aaa1d02b942f176f50640518961906afecdea236341b92,positive,0.5
"Up 110% YTD, Why Nvidia’s Backing Could Keep Nokia Stock Rallying",Yahoo,2026-05-20 21:35:09,https://finnhub.io/api/news?id=b53640722cff030415fc4a8529b71dad4a06b62ba3881b1caafde6d08d18ef1e,positive,0.5
For 60 Years Buffett Avoided Big Tech. Greg Abel Just Made an AI Stock a Top-5 Berkshire Holding,Yahoo,2026-05-20 21:15:35,https://finnhub.io/api/news?id=17955da61ef1d5aa1e598533b275172bbf34b378da09916e0ddadef379cec5d2,negative,0.5
"Lido Advisors Adds $76 Million to BSCR Stake, Making the Bond ETF Its Second-Largest Holding",Yahoo,2026-05-20 21:01:57,https://finnhub.io/api/news?id=49f042ef0e78a0aa6dbddc9df0622e812895468083e924fe426934095e2b805a,positive,0.5
150 Years of Market History Predicts Trump’s Bull Market Is Almost Over,Yahoo,2026-05-20 20:25:44,https://finnhub.io/api/news?id=8315822cfd8924151cbd34352e053b67bfb897dff9b43b7f4282d4fffb39b0c4,positive,0.6666666666666666
Semi Mania Resumes Ahead of Nvidia Earnings On Samsung Woes And Tankers Exiting Hormuz,Benzinga,2026-05-20 19:58:37,https://finnhub.io/api/news?id=344d7c88fec480ae204b4a40b404fc9b8e0ddb7615d6f02bca44a2ebc971206d,positive,0.5
What analysts want to see from Nvidia earnings,Yahoo,2026-05-20 19:46:43,https://finnhub.io/api/news?id=63e951abb6ce3530eb51ac92c9e74b513d1fbdc86443f97a3ddc5a440be3d0a5,positive,0.5
Should You Buy MP Materials While It's Below $60?,Yahoo,2026-05-20 19:20:00,https://finnhub.io/api/news?id=9344f6c7bfbf8186cf699c45b1228d70691f8526052cb5744fc47c0b9c61d6c3,neutral,0.5
"S&P 500 Rebounds Ahead Of Nvidia's Print, Oil Sinks 5% On Iran Truce Hopes: Stock Market Today",Benzinga,2026-05-20 18:49:12,https://finnhub.io/api/news?id=7287645aa8992cf9d5c16477c141d83805d4d7c16a9c9cd5832b122dc1606d56,neutral,0.5
"Healthcare API Strategic Business Research Report 2026, Competitive Analysis of Apple, Athenahealth, eClinical Works, Google, Greenway Health, Microsoft, Oracle, Postman, Practice Fusion, Salesforce",Yahoo,2026-05-20 18:45:00,https://finnhub.io/api/news?id=78211fd106cda28f5e30d5aee077df4d440076ad854f0ff6d5bca7294d66cca8,neutral,0.5
Intel Is Up 5% Today: Here’s Why,Yahoo,2026-05-20 18:29:04,https://finnhub.io/api/news?id=9523c0740bbdfe3af29ac4317dd87df792e41d048f5cc1d947f138d353db29b1,neutral,0.5
Application Processor Market Size to Grow USD 62.3 Billion by 2035 | Research by SNS Insider,Yahoo,2026-05-20 18:15:00,https://finnhub.io/api/news?id=279d2dc2a8996469412a926348beeee2fe5854ac4610e7e6684258cc19d73ce2,positive,0.5
RERE: Diversification and a Dominant Market Position Enable ATRenew to Deliver Stellar Results Despite a Challenging Economic Backdrop,Yahoo,2026-05-20 18:07:00,https://finnhub.io/api/news?id=429063928d91740128e116c15aa7e71d8ede57033196db2673e15c217f2b4688,positive,0.5
Apple TV Series Launch Ties Services Growth To Valuation Questions,Yahoo,2026-05-20 17:36:19,https://finnhub.io/api/news?id=76ecd5a0f5bf768b2c0583d28bb86e927d94485c77d17963fb1363311e393f8b,positive,0.5
Jamf Names Beth Tschida as Chief Executive Officer,Yahoo,2026-05-20 17:30:00,https://finnhub.io/api/news?id=9d0cb36e9e583fe00a0ceab8330ebf7ebffd9500f32006d7809a59b319c9f2c6,positive,0.5
The AI Capex Cycle Is Crushing Equal-Weight NASDAQ. Here’s Why QQQ’s Concentration Bet Is Winning,Yahoo,2026-05-20 17:25:14,https://finnhub.io/api/news?id=ceac1c58ac692bafca2510cef849ffc51f528dbdee347720d7b1d064091fffad,neutral,0.5
XLK’s quiet edge over FTEC comes from a cap limit most investors never notice,Yahoo,2026-05-20 15:00:25,https://finnhub.io/api/news?id=e98ab7e7db0981409e5f23f3d871ad8c3f8365e0c670a7f1ded8f39e63684d7b,neutral,0.5
Windows Apps That Don't Run on macOS (2026): Parallels Recognized as Top Solution for Running PC-Exclusive Software on Mac by Expert Consumers,Yahoo,2026-05-20 14:30:00,https://finnhub.io/api/news?id=bdb9c7bebd6373df5ee1b4994df03684f2acb878639889f18e04521013881903,neutral,0.5
"The Global PFAS-Free Battery Market 2026-2036: Technologies, Regulation, and Forecasts - Profiles of 94 Companies Across Cells, Processes and Pack-level Systems Value Chain",Yahoo,2026-05-20 13:31:00,https://finnhub.io/api/news?id=cd42f2fe4b9bc0d92a04218f783e450d2339f2baee77ca0911bd2988caf63b80,neutral,0.5
"1 Unstoppable Stock to Buy Before It Joins Nvidia, Alphabet, Apple, and Microsoft in the $3 Trillion Club",Yahoo,2026-05-20 12:52:00,https://finnhub.io/api/news?id=9e16347a3c4eaa489f3ceaef5df31a116cd875912c8ac2a4daed12709f3dfcdb,neutral,0.5
Anthropic to withhold most powerful AI from British companies,Yahoo,2026-05-20 12:30:00,https://finnhub.io/api/news?id=196fdaae0d5c207cbb901084144bd57d637eefe373dd68b1657bdae4a12ec26b,negative,0.5
Will Nvidia Hit the $6 Trillion Mark on Thursday?,Yahoo,2026-05-20 12:20:00,https://finnhub.io/api/news?id=49b301cd2fb5fc60fb3eb8a201b2519ec49c5ca6e4e541f30dded6dc94dc8a41,neutral,0.5
Tuttle Capital Files For 'Magnificent 10' ETF As AI Trade Expands Beyond Mag 7,Benzinga,2026-05-20 11:32:06,https://finnhub.io/api/news?id=154a4c83211e56e2dc138ed8e6711b1658f2582e3d7daee421d5b67788e7884c,neutral,0.5
SpaceX's IPO moonshot draws some doubters on Wall Street,Yahoo,2026-05-20 07:37:58,https://finnhub.io/api/news?id=9271f8831c8985f695f4e3599bc1b824f9808e14ed62ba26514c07935aabf74d,neutral,0.5
"Warren Buffett’s Berkshire Delivered a 39,000x Return Since 1965. He Still Tells Most Investors to Buy Index Funds Instead.",Yahoo,2026-05-20 06:42:45,https://finnhub.io/api/news?id=cec160a58d01746bc62e880be6c09e646f0db1215f76ca042c03d686a8b49d7d,positive,0.5
Warren Buffett’s Berkshire opens a $2.6B stake in world's largest airline,Yahoo,2026-05-20 03:37:00,https://finnhub.io/api/news?id=5a5956904de7c97f74f44e3887ca0115aa2501eb3c40cdc928576eb14ffdfc05,positive,0.5
Cracks Are Starting to Appear in the Chip Stock Rally,Yahoo,2026-05-20 03:07:00,https://finnhub.io/api/news?id=c2a1c3145ce3485d46dfe3df38e7dd2b9304f4cefc51d82a8ae53b97812ec658,neutral,0.5
Why Would Anyone Buy SCHB Instead of MAGS?,Yahoo,2026-05-20 02:50:00,https://finnhub.io/api/news?id=cea70f646b4b19b36cffec7a401fc2ae715f060e8406879ec4a9fa9c3c5e29e3,neutral,0.5
Sector Update: Tech Stocks Mixed Late Afternoon,Yahoo,2026-05-20 01:23:18,https://finnhub.io/api/news?id=d89271d705a31b62aea3926b1bec1ff32230416061f00c415fb7f1ae80fd0e19,neutral,0.5
5-star analyst drops eye-popping Intel stock price target,Yahoo,2026-05-20 01:17:00,https://finnhub.io/api/news?id=006905b9bb29d7b7c0953ad3316e220eefa155d099cbc4342a721c1cfcecb27e,negative,0.5
Analyze Apple stock on Yahoo Finance's new AI platform AlphaSpace,Yahoo,2026-05-20 01:10:37,https://finnhub.io/api/news?id=ffe6ac5b42fd9143ce7a19274a6a648f98a483cc23fa2571ea5443cc3252568d,neutral,0.5
AlphaSpace gives investors a new AI-powered edge,Yahoo,2026-05-20 01:10:37,https://finnhub.io/api/news?id=06e6cba4ade4e0b8309f4f1ddda94247ee529a29b099e35a39be5a21dc1f6643,neutral,0.5
The $43 Billion ETF Hiding in Plain Sight. Why DIA Might Outperform SPY and QQQ for the Rest of 2026.,Yahoo,2026-05-19 23:44:45,https://finnhub.io/api/news?id=8ae4780cc5cc87ff9276a7d7b2fd9ed48baab176558de157ab6d070720b7f304,positive,0.5
"Motor racing-After U.S. deal, Apple's global F1 push may take time",Yahoo,2026-05-19 23:39:26,https://finnhub.io/api/news?id=682ab6b37afae8cd2a21df8c356e55deecfaccd510e86cc65d8a017cc339cb1e,neutral,0.5
"Alphabet unveils new AI model, smart glasses at Google I/O",CNBC,2026-05-19 23:20:52,https://finnhub.io/api/news?id=ceb6da5027cd2051588451087ccd497305d9bd16ed0d4477537e5c7eab4b4258,neutral,0.5
Most Income Investors Have Never Heard of These 3 ETFs. One Pays 14% Monthly,Yahoo,2026-05-19 23:15:18,https://finnhub.io/api/news?id=cb3a1b8b764221e8694c414a933de36558a28a700ac10c5a42690ae3bc4ac33c,positive,0.5
"Samsung and Google detail AI smart glasses, putting pressure on Meta as Apple preps rival eyewear",Yahoo,2026-05-19 23:15:00,https://finnhub.io/api/news?id=f8140758b21863ddf7e7ac45ada89ee3946137bf4dfa9bc916ade966d820983a,neutral,0.5
Apple Faces Renewed App Store Fight as Fortnite Returns,Yahoo,2026-05-19 22:41:01,https://finnhub.io/api/news?id=3be81ddf479213a966df3b599b35edad410051b741fe432c8fb64caa032d5f82,neutral,0.5
"Alphabet falls short of Wall Street expectations, stock slides during Google I/O event",CNBC,2026-05-19 22:21:38,https://finnhub.io/api/news?id=d4769377f0af55666e0f9ab067666b39d4baba1d146ed4a0fecefe69c8da678b,negative,0.5
Why This Vanguard ETF May Be a Safer Option for Long-Term Investors Than Tracking the S&P 500 Right Now,Yahoo,2026-05-19 22:20:00,https://finnhub.io/api/news?id=84abb7a5dadd7f0e7739c1a3a9bcf5c27324c4adcd73fde80dc8f322ee3eba4c,negative,0.5
Investors want tokenized Apple stock on the blockchain,Yahoo,2026-05-19 22:14:17,https://finnhub.io/api/news?id=81839d92f95ca1f27886530f60d03d44ac9daaaeb0df0ffda728c35f175138d8,neutral,0.5
SEC proposes exemption for tokenizing stocks. What could go wrong?,Yahoo,2026-05-19 21:53:11,https://finnhub.io/api/news?id=eb89e6c6597a3dc3ba4b0f0ba2612ea88abb2d5b07ebc3909ffa371028050335,negative,0.5
"Apple Trades Close to 52-Week High: Buy, Sell or Hold the Stock?",Yahoo,2026-05-19 21:53:00,https://finnhub.io/api/news?id=4b1205c990a7a0a08f8c045331f4aa32eba4fdb695d57c7788cc00f438ef81fa,negative,0.5
Google gives first glimpse of new AI glasses ahead of fall launch ,CNBC,2026-05-19 21:39:54,https://finnhub.io/api/news?id=62f73147432218a6eee77ba6d0857a7d4c1bf914ab2a479daffa879df1640eb5,negative,0.5
AI Trade Faces Make-Or-Break Moment – Only Nvidia Earnings Will Tell,Benzinga,2026-05-19 21:37:15,https://finnhub.io/api/news?id=7a9ef3cfda880c15d2bc8c107c1075371acfad6836436c0260c4f34b457ad752,positive,0.6666666666666666
Nvidia and Apple hold stock market's power like never before: Chart of the Day,Yahoo,2026-05-19 21:22:14,https://finnhub.io/api/news?id=309632c3c45440d9f072857712da25f1881223a1e250464dcc4a1a15a1149f77,neutral,0.5
Everyone Owns Chip Stocks. That Could Be a Problem for Intel and Others.,Yahoo,2026-05-19 21:07:00,https://finnhub.io/api/news?id=0b0c4a5f57e1c39aef4060c6abb37dedb961c667bc827fa62135304e02c9e934,negative,0.5
Google's chief AI architect lays out its AI strategy,CNBC,2026-05-19 20:52:07,https://finnhub.io/api/news?id=5c4bfa0528c6c0a7c2f644f7efefdde54d5494ee66bd37515f588b4813ec80c1,neutral,0.5
Trump's Big Tech trades while in office raise concerns,Yahoo,2026-05-19 20:37:23,https://finnhub.io/api/news?id=f2c982a6f81616fa6e0341199ceae25f549f1fd17eb42d11a2b9c143e3c0a1f8,negative,0.5
MetaMask Just Added Tokenized US Stocks – NOT for US Users,Yahoo,2026-05-19 20:34:25,https://finnhub.io/api/news?id=a483819da18e08faf0c6f23826e016b06158f4b283bef568dd649fe84b2e6c25,neutral,0.5
"Buy Apple Stock and Other Dow Winners, Sell Salesforce and Other Losers, Technician Says",Yahoo,2026-05-19 20:29:00,https://finnhub.io/api/news?id=1ce3a4f529021ad0e6d00a39eef7e48c03d4abedbfa158973f1e1a6485d7edb3,neutral,0.5
"Nvidia, Apple, Amazon Could Lead Next Magnificent Seven Breakout",Yahoo,2026-05-19 20:28:35,https://finnhub.io/api/news?id=452d903f4454a6386656a4625b37112944fb3053f3fd199c9c5b1ffeda2596c6,neutral,0.5
Apple Expands Accessibility Features With AI Tools,Yahoo,2026-05-19 20:14:15,https://finnhub.io/api/news?id=754adfcf7418cd8fa1894315ec2d84812122c25611847da08cfa92ccc8f8a91a,neutral,0.5
Stop Buying Intel. You’ve Missed the Train. Buy This Instead,Yahoo,2026-05-19 19:56:17,https://finnhub.io/api/news?id=36c42b6535f214f5d81f4785e4662f61c872ce2d7b8948714cc67c3ed918c508,neutral,0.5
"Buy, Sell or Hold Netflix at $90?",Yahoo,2026-05-19 19:49:49,https://finnhub.io/api/news?id=5f2a806e3d634250f6bd7b955c9a93c99e9cd8712af9911a0027298c0f8d339c,negative,0.5
Here’s How Nancy Pelosi Beat the Stock Market and Warren Buffett,Yahoo,2026-05-19 19:49:06,https://finnhub.io/api/news?id=fc93198a3c9ff22fb8f2123b3a1c71dc988bcdab7f44b85bcb63c911a7b19403,positive,0.75
Nasdaq 100 Falls 1% As 30-Year Yields Spike To 19-Year Highs: Stock Market Today,Benzinga,2026-05-19 19:38:24,https://finnhub.io/api/news?id=b37e3876aef59ec8838f376a59b2537cfb7b89d06668e653f44e1a2f2e473293,neutral,0.5
NorthCoast Adds $15.7 Million Worth of IBTH -- a Steady Bet on Short-Term Treasuries,Yahoo,2026-05-19 19:29:17,https://finnhub.io/api/news?id=66af654e95f5439838b29c04ff57424b0c02f76a5b6d88bf2912430461a7e457,neutral,0.5
"Humilis Investments' Brian Belski launches HIS, a new ETF",CNBC,2026-05-19 18:51:53,https://finnhub.io/api/news?id=148b6a9bfcd84ff4471f164fe70f85431e3041f95424f98176aef520dce4811f,neutral,0.5
Fortnite returns to Apple App Store worldwide amid Supreme Court fight,Yahoo,2026-05-19 18:47:02,https://finnhub.io/api/news?id=5ea351bca566a46216d899c9f309884af35e11bbca67e14cc463eb018cd9340d,neutral,0.5
"Semi Mania Takes A Breather On China Fear And Seagate Comment, But Nvidia Can Reignite It; Trump Buys More Time",Benzinga,2026-05-19 18:46:06,https://finnhub.io/api/news?id=868f9ee32505374706e856108425c6117bd41b5148770ea1a93615166ef24b34,neutral,0.5
Prediction: Apple Will Be First to Hit a $6T Valuation. AI is a Massive Reason Why,Yahoo,2026-05-19 18:21:26,https://finnhub.io/api/news?id=eeb99f4c4a2d6c67c1783d513158e0615276dc392d78ce4ac9e1bfe36417e84c,positive,0.5
Latest News In Cloud AI - LaunchDarkly's AgentControl Revolutionizes AI Agent Management,Yahoo,2026-05-19 18:07:48,https://finnhub.io/api/news?id=25494faaa89bcb7b763b80b397e984dc538556d678a7598f5e6708517a35714d,negative,0.5
"Apple Unveils AI Push Beyond Siri With Smart Writing, Accessibility Features",Benzinga,2026-05-19 17:39:59,https://finnhub.io/api/news?id=f2cfa6aed171c844bf8424f32255f20237ed0266e66d6090a8fcad2e08a1cdae,neutral,0.5
"Apple Sports Expands To More Than 90 New Countries And Regions; The Free iPhone App Adds New Markets And Expanded Coverage, Including Personalized, Real-time FIFA World Cup 2026 Features That Will Help Users Follow Every Moment Of The Tournament",Benzinga,2026-05-19 17:35:36,https://finnhub.io/api/news?id=c2d94fffd378a0a829c22ab6b24bde912d728299a959d51841ce0b8d87f40568,neutral,0.5
Google's biggest AI showcase: What to watch,CNBC,2026-05-19 17:33:04,https://finnhub.io/api/news?id=52aa238d11fbb7f741c465a944c8936da7f5fd4696cdb5ab3480e49a4b84d87e,neutral,0.5
"Apple unveils new accessibility features, and updates powered by Apple Intelligence",Yahoo,2026-05-19 17:30:00,https://finnhub.io/api/news?id=a7f390d51b26f1f18c0098a824d2154443d92b9d14b3b2f5af9af19d52632048,neutral,0.5
Trump's Kura Sushi Bet Sends Japan Shares Up 5.4%,Yahoo,2026-05-19 17:18:46,https://finnhub.io/api/news?id=72775ff9a3d2aeb62d271f791227c17de0cc76889435162a99db41b049b5e686,neutral,0.5
Arm Falls on Reported US Antitrust Probe,Yahoo,2026-05-19 17:18:04,https://finnhub.io/api/news?id=3bf6c726faaf71c11658cdb5c78ecb2e78a8a94c1711a4eebd526388d8486eff,negative,0.5
Epic Games' 'Fortnite' returns to App Stores worldwide,Yahoo,2026-05-19 17:16:35,https://finnhub.io/api/news?id=8f5901285cd01904cc0c8c67def4e4f3ef5cc1d2e2de10bd3f5010430604a05c,neutral,0.5
'Apple's New Hardware Boss Shakes Up Oversight Of Product Design' - Bloomberg News,Benzinga,2026-05-19 17:15:31,https://finnhub.io/api/news?id=1debe8d04b5407a9427db13d0b45b5e390b43e35c3db49a228740f9ec135ff51,neutral,0.5
SEC Crypto News: Green Light for Tokenized Stocks on Crypto Platforms,Yahoo,2026-05-19 16:41:15,https://finnhub.io/api/news?id=c112657c1bad97b95e27e93ff340aaac1da93717de8b9d39d930b6027acb8e37,neutral,0.5
CFR’s Sebastian Mallaby on Google's place in the AI race,CNBC,2026-05-19 16:26:21,https://finnhub.io/api/news?id=48c272a347a1ec03655d01394897b02dc1aa717be0a81a6d68c70d277d88e8bb,neutral,0.5
Best Warren Buffett Stock to Buy Right Now: Apple vs Coca-Cola,Yahoo,2026-05-19 16:00:00,https://finnhub.io/api/news?id=e0b572f40a9fe7621ddeeaba8b5183298d4f0c57c69f299696893f3949327357,neutral,0.5
"Trump traded over $50 million in 'Magnificent 7' stocks last quarter, loading up on Apple and Google and selling Tesla",Yahoo,2026-05-19 15:30:00,https://finnhub.io/api/news?id=c5a97a1cb4e471b4951b905bcf70459026b06acf470e5de03e71c564bb7f7616,negative,0.5
Best Virtual Machine for Mac (2026): Parallels Recognized for Windows Performance and Compatibility by Software Experts,Yahoo,2026-05-19 15:00:00,https://finnhub.io/api/news?id=c70a89286e59b4b6c9486d29204cd58c745425f1f4d901850d971671a5656db0,positive,0.5
Jim Cramer's top 10 things to watch in the stock market Tuesday,CNBC,2026-05-19 14:27:42,https://finnhub.io/api/news?id=50b97fb029bd27e7a78beb3e37d3d5567f523802f45940f19ab54f07e1c9dcec,neutral,0.5
Musk and Altman take their battle from court to Wall Street ahead of landmark IPOs,CNBC,2026-05-19 14:14:48,https://finnhub.io/api/news?id=3e693398c4f4022f78c41f22c7898f2a580b33f8f913341eeb5018b0a32047da,neutral,0.5
2026 CNBC Disruptor 50: Watch the full interview with Anthropic co-founder Daniela Amodei,CNBC,2026-05-19 12:07:16,https://finnhub.io/api/news?id=9944670fafd531586a695a2c5fd19a65e3319b95af5d1683829bf91c605c9b17,positive,0.5
Intel's AI Comeback: CEO Reveals Insatiable CPU Demand As Customers Bulk Up Orders,Benzinga,2026-05-19 11:57:49,https://finnhub.io/api/news?id=6360b5b0545f6c08ca60b0b7d025e1cf46597e0691703e1ab8f3583381f32832,neutral,0.5
Chinese Blockade Risks Put TSMC’s Central Chip Role Under Scrutiny,Yahoo,2026-05-19 11:42:25,https://finnhub.io/api/news?id=761f75151bf2fd4597dc4a7bbb8bd9507fcb7db1eafb4ef70bc51c4bcb12f613,negative,0.5
Apple’s Gemini Siri Overhaul Puts AI Privacy And Valuation In Focus,Yahoo,2026-05-19 11:40:43,https://finnhub.io/api/news?id=54b29b143c1894d8603e9b8a045f1f71118468c8cb3c94012ef5ec7853d60372,neutral,0.5
"Industry Comparison: Evaluating Apple Against Competitors In Technology Hardware, Storage &amp; Peripherals Industry",Benzinga,2026-05-19 11:29:07,https://finnhub.io/api/news?id=b4293153444f57d988ebf655012d3d6cc8a918ce6b48531610b9b04d021d2a88,positive,0.5
Soaring Smartphone Prices Kill Upgrade Demand In China,Benzinga,2026-05-19 11:25:43,https://finnhub.io/api/news?id=66a95cf77762397ac1576054d247f6648473a12a8b6de340d2615860104f3084,positive,0.5
14. OURA,CNBC,2026-05-19 11:25:01,https://finnhub.io/api/news?id=a2b82c7e817bbd7b417bc8faae756f5aa8ce93c115eb103c12ad9b1b51aad4f5,neutral,0.5
44. WHOOP,CNBC,2026-05-19 11:10:01,https://finnhub.io/api/news?id=16e428ff3fa3c76fc4ea8e135a0fcf0f1a6f2f0134e22b42a3e2db61cbb86de0,neutral,0.5
42. Replit,CNBC,2026-05-19 11:10:01,https://finnhub.io/api/news?id=af5d2497e52732343a2c4a5a7241a3bd797a06b1bbfaad32e575d41cc91caf7d,neutral,0.5
Many Trends Within The Same Market - Weekly Blog # 941,SeekingAlpha,2026-05-19 08:15:00,https://finnhub.io/api/news?id=a5002febb93ce70fe435d2b7bd52fb6c24f53b7d02ba69311ef8879433c301e1,neutral,0.5
Don't Go Apple Shopping Now (Rating Downgrade),SeekingAlpha,2026-05-19 05:20:33,https://finnhub.io/api/news?id=2682d9fcf337ec6ef4473ab84d0e3cf6fcc7cc63cc6f4c4465c7535503a240f9,negative,0.5
Anthropic to let partners share Mythos cybersecurity findings with others,Yahoo,2026-05-19 03:58:02,https://finnhub.io/api/news?id=02605c504799054819e18b3aa734bde906615792ec7fc7ee2c1a50d24c7d6e5f,neutral,0.5
The Spill: Apple (AAPL) Just Crushed It. Now What?,Yahoo,2026-05-19 03:26:03,https://finnhub.io/api/news?id=32609e7ec462dc867f020ab308060bdb3370021db09f2fb8f2a903d554309ba6,negative,0.5
"CNBC Daily Open: Bonds sell-off, markets dip, oil worries loom — and Trump postpones Iran attack",CNBC,2026-05-19 03:25:30,https://finnhub.io/api/news?id=0c2eecf043ac59f97c7b1a8b4ce07465e7184495d38187db224c0ef5e1856295,negative,0.5
Tracking Mario Gabelli's Gabelli Funds 13F Portfolio - Q1 2026 Update,SeekingAlpha,2026-05-19 03:24:23,https://finnhub.io/api/news?id=2deea93c7470b8993c7d8ad748abedd6ef0c0b000a71b8c90ae2cd0e511b09e4,neutral,0.5
The S&P 500 and most of its stocks are heading in opposite directions at a record pace. What investors should know.,Yahoo,2026-05-19 02:55:00,https://finnhub.io/api/news?id=7cfbea6dd1c6c2a982e2e122ccc818ee9ab54ad84a57f375adac5961f2982169,positive,0.6666666666666666
On Holding Founders Acquire $6.6 Million of Class A Shares,Yahoo,2026-05-19 02:23:47,https://finnhub.io/api/news?id=81ff9abe2d5bb9d9ab2846375f6ae2361a8bfc461f703575057886ff8dc10662,neutral,0.5
Is Now the Time to Buy Forgotten FAANG Stock Netflix?,Yahoo,2026-05-19 02:21:00,https://finnhub.io/api/news?id=8e554bc2338e432dabdd2be0faa6fd85fa5ae5e20f333da2a6018acdfce27db3,neutral,0.5
Applied Optoelectronics Inc. (AAOI): Mark Cuban Urges Focus on Foundational AI,Yahoo,2026-05-19 01:58:43,https://finnhub.io/api/news?id=bb7c8cc4a10759b468a317b02650b9f1eb385c32840c0374daf982d29d076109,neutral,0.5
Is It Too Late To Consider Apple (AAPL) After Its 44% One Year Rally?,Yahoo,2026-05-19 01:43:57,https://finnhub.io/api/news?id=55fd4b3bf748df8f7b740dc64a9fbb8836aa040e9ad7638f810ef9375acf7f69,positive,0.6666666666666666
Why Alphabet has an advantage in the AI race,CNBC,2026-05-19 01:30:31,https://finnhub.io/api/news?id=30ee1af396b3d7535957e48d334dd469019420d3865b743644359edc9983c9bb,positive,0.5
How Services Could Help Generate $13 in Earnings Per Share for Apple Stock,Yahoo,2026-05-19 01:04:58,https://finnhub.io/api/news?id=4855fc827cfb3b821cc091e4dc2e170e0f86104c1762e2c4b6d90239bf5db776,positive,0.6666666666666666
What Is an ETF? Everything Beginners Need to Know in 2026,Yahoo,2026-05-19 00:45:50,https://finnhub.io/api/news?id=98c2386b679d651abb07e96b03a15f948621e49e3041c77d809ea0c252d08c92,neutral,0.5
"Market Chatter: Apple Working on AI Writing Tools, Shortcuts for iOS 27",Yahoo,2026-05-18 23:42:23,https://finnhub.io/api/news?id=30129b869fa4fbe2da923151d95285e51dd38925bcb6f7f22621b49173a6c1c4,neutral,0.5
"Pepsi, Apple, and 9 More AI Momentum Trade Winners. Plus 4 Losers to Dump.",Yahoo,2026-05-18 23:42:00,https://finnhub.io/api/news?id=834103180915af08225b50b9ad281e69e50970d8d5b9f9971fbd231f158640ec,positive,0.5
Ignore the Foundry Fears and Keep Buying Taiwan Semi Stock,Yahoo,2026-05-18 23:19:10,https://finnhub.io/api/news?id=afcb07577a2f285e0d49405fd50a0148185f6d45a3e98566ae787e5777b99c3c,positive,0.5
"Apple Readies AI Writing Help, App Shortcuts and Wallpapers for iOS 27",Yahoo,2026-05-18 22:59:04,https://finnhub.io/api/news?id=a3a05e67ca80c0d2d1705f98b957bec4e8726e3d57894c051c04bc02c2ab4051,neutral,0.5
"I want to pay my late 60s parents $1,000 monthly for babysitting. They refuse the money: should I invest it for them instead?",Yahoo,2026-05-18 22:27:50,https://finnhub.io/api/news?id=50a4d31a1cb63981b3f4c6e9de2ba6934a00535cb2cf70fff412899436f69197,neutral,0.5
Following Buffett: Greg Abel Cuts Berkshire Holdings Dating Back To 2011  — But The Big Names Stay Put,Benzinga,2026-05-18 22:08:10,https://finnhub.io/api/news?id=36c77387ffa2f13f92aa12fa70024d94c2bb3a252c615d5a28aafc04c61c7d4b,neutral,0.5
Intel Apple Chip Pact Tests Valuation As U.S. Foundry Ambitions Grow,Yahoo,2026-05-18 21:47:40,https://finnhub.io/api/news?id=2fbb65abe57824ac2f71486378c46262fc4088fc83d0bab49db61cf1a3f734bd,neutral,0.5
Alphabet’s $5 Trillion Milestone: How AI Ambitions Are Fueling Google’s Record Run.,Yahoo,2026-05-18 21:47:00,https://finnhub.io/api/news?id=6b154cee2cc53acd4b5445a2a09876660e159f32432f1b4cdd231cfb6243865b,positive,0.5
Big Tech Stocks Are Dragging Down the S&P 500,Yahoo,2026-05-18 21:36:47,https://finnhub.io/api/news?id=925489b219f70b00d8bc4825bf87cbd757fa741cf942f7f2e61d04a5f14ae9ee,negative,0.5
Jim Cramer Shares Key Insights About Apple (AAPL),Yahoo,2026-05-18 20:15:02,https://finnhub.io/api/news?id=feb8cf62297102a6a602d6b2c1525d6df78ed5dfe4d2c2a33c4734840d8dead1,neutral,0.5
Apple's Siri Overhaul May Launch in Beta With Privacy Focus,Yahoo,2026-05-18 20:14:05,https://finnhub.io/api/news?id=55d279fbd258e5334b594b33b80e5e447b4f624aae95eaf1c70809d1a182744d,neutral,0.5
"'Apple Readies AI Writing Help, App Shortcuts and Wallpapers for iOS 27' - Bloomberg",Benzinga,2026-05-18 20:04:35,https://finnhub.io/api/news?id=091f0d80d9e79204269f81ee61531f7fc6673a99734ad159b0cea37d136b8b03,neutral,0.5
DELL Trades Close to 52-Week High: Here Is Why the Stock is a Buy,Yahoo,2026-05-18 20:01:00,https://finnhub.io/api/news?id=12bd21a23768085700093bd83113302ad4dc371262b15e328ceedbda9add5663,positive,0.6666666666666666
"Apple To Kick Off Worldwide Developers Conference On June 8–12, 2026",Benzinga,2026-05-18 18:42:56,https://finnhub.io/api/news?id=5cef4db6cfd933c53fc89730b4fb68a79e99d2687d054a513860e5f8ae15a44e,neutral,0.5
"Dell Could Deliver Strong Q1 Beat As AI Server Demand Remains Robust, Says BofA",Benzinga,2026-05-18 18:26:30,https://finnhub.io/api/news?id=907f0a135556e1e39a7e145c33cd5c51ffa062117486fa44475222b87225b493,positive,0.6666666666666666
Viking Global Opens Fresh Apple Stake Worth Nearly $1 Billion As Big Tech Trade Roars Back,Benzinga,2026-05-18 18:26:13,https://finnhub.io/api/news?id=1c2963d951e3e87129859345924694cef7d786b07cf7bd76c94c3a77baeb5f4c,neutral,0.5
"Chamath Palihapitiya Says Trump Should Let Nvidia Sell Chips To China, But What Do Prediction Markets Say?",Benzinga,2026-05-18 18:06:18,https://finnhub.io/api/news?id=8cda278e8ed805cab896068eade76fd5cedeb5cb90604188eb4eddecfb8c8408,negative,0.5
Dow Jones and Nasdaq climb as oil eases on reports of Iran sanctions lift,Yahoo,2026-05-18 17:45:00,https://finnhub.io/api/news?id=c25d5209b358860673e6e084205c34b0a89f2268121e071efdd7e12b3c65c1c9,negative,0.6666666666666666
"Semi And Options Mania Collide With Bond Rout Ahead Of Earnings From Nvidia, Home Depot, Walmart",Benzinga,2026-05-18 17:44:39,https://finnhub.io/api/news?id=fba25b2a01cd7f407505c3b2ac5e81408f7cc4f41917beea5904f3a89d5ae5c7,positive,0.5
Amazon's Big Rally Takes A Breather Just Short Of $3 Trillion Club. What To Watch Next.,Yahoo,2026-05-18 17:30:32,https://finnhub.io/api/news?id=aa2ef2f6373cadb785c32ef28071441e10124a3ef87bac43309f4fce39881191,positive,0.5
"The last century was great for U.S. stocks, but the next decade might be challenging, says investing chief",CNBC,2026-05-18 16:30:02,https://finnhub.io/api/news?id=8a238c8ce02bafc940d55b4ad7be66b3c1ea1bc9d0582018e18e21f3864ebe82,negative,0.5
SpaceX’s Mega-IPO Puts a Price Tag on the Fear of Missing Out,Yahoo,2026-05-18 16:30:00,https://finnhub.io/api/news?id=604ca7b0e427d292b543bfa9053639b996a6982245bbb354370633c89e2a0bec,negative,0.5
What Tim Cook's Trip to China Could Mean for Apple Investors,Yahoo,2026-05-18 16:00:00,https://finnhub.io/api/news?id=8abdaa9a4934252d8f1e74f7f597584263548a89fb516fc48aee37bbc2ecd931,neutral,0.5
"Nvidia: You Snooze, You Lose",SeekingAlpha,2026-05-18 15:02:29,https://finnhub.io/api/news?id=87c3616c903c8b5b054879d34ba66ac5e5938d63b58506f1947347e40fdf1cc9,positive,0.6666666666666666
Apple India Court Rejects Bid to Pause Antitrust Case,Yahoo,2026-05-18 14:43:03,https://finnhub.io/api/news?id=c4a48a32b58870ce5e6f4ac4de39f9edfcbf1d9d098ff3db66a64b85f41f0fdd,neutral,0.5
"S&P 500 Momentum Just Went Vertical: The Last 4 Times It Did, Stocks Sold Off",Benzinga,2026-05-18 14:23:55,https://finnhub.io/api/news?id=74c7db1d5f0abaaa1ed7863317f3df424ce2bde69335abc572cdcd23bd3938c0,positive,0.5
Elon Musk vs. Sam Altman battle: WSJ's Tim Higgins on what to expect during jury deliberations,CNBC,2026-05-18 14:23:27,https://finnhub.io/api/news?id=0881b80d161f466d19387e2da5e22bd83f8f2294d5f9f7c4c2c9937440accc0d,neutral,0.5
Trump Regrets Not Asking For A Bigger Intel Stake,Benzinga,2026-05-18 14:02:56,https://finnhub.io/api/news?id=601c38bfb804f295c5c79c687a54db8cee0cbd723361234f07db4710d9a01224,neutral,0.5
Haier Named the World's Only IoT Ecosystem Brand in Kantar BrandZ Top 100 for Eight Consecutive Years,Yahoo,2026-05-18 13:17:00,https://finnhub.io/api/news?id=0206f2e2ce36ef8e3dba015999dbc9991d239cd277b425a7f1cd6f9311b59133,neutral,0.5
Trump says he should've asked for 'more' of Intel when negotiating stake with CEO,CNBC,2026-05-18 12:10:52,https://finnhub.io/api/news?id=a21054801587b22ec7a6ef51581bcb9dd7108f2ea8737fd1f1b6f9aad20a14cb,positive,0.5
Indian court tells Apple to 'cooperate' in antitrust case,Yahoo,2026-05-18 12:04:40,https://finnhub.io/api/news?id=fe5c35a691acdfbfa4103b3ef64b20ab4d0439a1d9054210330839b5f96bb422,negative,0.5
Apple China IPhone 17 Discounts Test Ecosystem And Margin Trade Offs,Yahoo,2026-05-18 10:37:13,https://finnhub.io/api/news?id=5fb730102f7aff028d6d1d403fe70c9e753fadfb9e0facc8ffa95fd551807046,neutral,0.5
Apple Ordered By Indian Court To 'Fully Cooperate' In iPhone App Store Antitrust Probe,Benzinga,2026-05-18 10:23:24,https://finnhub.io/api/news?id=09c0605c0eb82d1037b3641c58f0f0ff37b678c10e693783dfffcc28502862d1,neutral,0.5
This AI Stock Has Every Quality Warren Buffett Looks for in a Long-Term Hold,Yahoo,2026-05-18 09:05:00,https://finnhub.io/api/news?id=057b6306be86ce525b8d0585fccd0f167993d19744d9510c6520ee64633eac46,neutral,0.5
